time,q0,q1,q2,q3,q4,q5,q6,q7,q8,q9,q10,q11,q12,q13,q14,q15,q16,q17,q18,q19,q20,q21,q22,q23,q24,q25,q26,v0,v1,v2,v3,v4,v5,v6,v7,v8,v9,v10,v11,v12,v13,v14,v15,v16,v17,v18,v19,v20,v21,tau0,tau1,tau2,tau3,tau4,tau5,tau6,tau7,tau8,tau9,tau10,tau11,tau12,tau13,tau14,tau15,lambda_world0,lambda_world1,lambda_world2,lambda_world3,lambda_world4,lambda_world5,lambda_world6,lambda_world7,lambda_world8,lambda_world9,lambda_world10,lambda_world11,com_x,com_y,com_z,FL_contact_x,FL_contact_y,FL_contact_z,FR_contact_x,FR_contact_y,FR_contact_z,HL_contact_x,HL_contact_y,HL_contact_z,HR_contact_x,HR_contact_y,HR_contact_z,FL_lateral_slip,FR_lateral_slip,HL_lateral_slip,HR_lateral_slip
0,-4.6387120922994907e-14,-7.8262968320891685e-14,0.41104994817915835,-4.7463774950209422e-13,3.0246612781898892e-13,1.893699342492799e-16,1,1.0984876591185595e-13,-0.8200000000000236,1.6099999999998726,1,-4.0874722720015204e-17,-1.5258216713451301e-14,-0.82000000000002449,1.6099999999999892,1,1.2127254585340238e-16,2.0294298107096694e-13,-0.8200000000000256,1.6099999999997818,1,-3.685816492225048e-17,3.6966647903986606e-13,-0.82000000000003792,1.6100000000003345,1,2.636968873284016e-17,-2.4892633168237911e-14,-4.1672482536945769e-14,1.9121121045032246e-14,5.3920864951791348e-15,2.6671764958420397e-14,2.3357640727544956e-16,1.9602063426910406e-16,-1.6901054655270342e-15,-1.0341386604530524e-15,-6.3642972447734851e-17,-1.5129524173071474e-15,-1.4463068511385695e-15,-1.669500577639632e-15,-6.3508237283492236e-17,-2.1352109561129968e-15,-2.3958255776534576e-15,2.1123129552605648e-16,-6.4342857324693171e-17,7.7732137491015774e-16,-2.1595339915361353e-15,-4.333902549970312e-16,-6.4546170315705125e-17,9.6890573335075025,-0.42348525491194483,-9.6441764322063648,-9.0626978551566069,-1.1038797126781901,-10.101110203459408,10.039149507920959,-0.39349840994765323,-10.570349884567783,-10.709912099658631,-1.0818643485583581,-10.999396507059384,0.12384594763225394,-0.1246713802814219,0.12554182288360116,-0.12466371459124748,-1.1777730493455052,0.96388654875330126,77.672360410801048,1.1869480775650731,1.2619977470106318,77.461914276897758,-1.1964648362909724,-1.5579221818876223,83.823428263277748,1.1868352695959172,-1.219852657993824,83.399049712979959,-0.013012891093956088,-1.5285580243252807e-13,0.34243859566927443,0.24470233112258236,0.23649999999948931,-1.5201728764679956e-13,0.24470233112259981,-0.23650000000046248,3.3045788327967784e-13,-0.25209766887743179,0.2364999999994532,1.1934897514720433e-13,-0.25209766887735241,-0.23650000000061108,7.473188734508085e-13,3.9474484716541907e-14,3.8815590245070404e-14,3.8691719256798052e-14,3.9814645946097172e-14
0.050000000000000003,-1.3159360626036904e-08,-6.1250197773311047e-08,0.41104995536156258,-2.1816666168840208e-09,-8.1027653537627473e-11,0.0016119572948920192,0.99999870079599573,-6.9005040079419772e-07,-0.82000209287519465,1.60999914859927,0.99996480487499761,0.0083898159282043642,-3.0073284858636753e-07,-0.81999900891911603,1.6100003006243717,0.99996485845108307,-0.008383427873226117,-4.1112894550707467e-07,-0.82000146901608928,1.609999471274286,0.99996483424378113,0.0083863147930629042,-4.318057790113038e-07,-0.81999868195164616,1.6100004533396937,0.99996484367661964,-0.0083851899676754289,-2.6515980156256434e-07,-1.2245755582108305e-06,1.4364292667575718e-07,-8.7227917461956095e-08,-3.264302828946834e-09,0.064478319719166247,-1.3801012592926329e-05,-4.1857503194788716e-05,-1.7028009629008156e-05,0.16779828712927047,-6.0146565336129079e-06,1.9821618415332166e-05,6.0124877378991987e-06,-0.16766969301392914,-8.2225872342191714e-06,-2.9380321030547509e-05,-1.0574505688326524e-05,0.16772826196292584,-8.6361305767882295e-06,2.6360968329422727e-05,9.0667803422258607e-06,-0.16770544930812881,9.6813767602276553,-0.43248570796499647,-9.6499812099588294,-9.0708637792927842,-1.0959587192735383,-10.095626589032523,10.048106975287356,-0.40186728750513934,-10.575741055786198,-10.701807011845514,-1.0730655480668929,-10.994194593873166,0.12060791658792923,-0.12156170003750988,0.12226946823997668,-0.12155466477663893,-1.150218317160058,0.93207316572785182,77.668313288710308,1.1535114513251499,1.2378328782013135,77.464336870537011,-1.1604425192766641,-1.5265060712570944,83.818069299482289,1.1612864872793696,-1.1806983810434544,83.405597747375282,-0.01301285803436289,-4.1988038506237239e-05,0.3424386072844543,0.24393784658518083,0.23728786994930171,4.1806835771041051e-13,0.24546383777315353,-0.23570981857361312,2.1347923429004823e-12,-0.2528593391598305,0.23568612447270992,-1.990380082972365e-12,-0.2513334614107316,-0.23731140634176753,-7.2768180370275104e-13,-0.015782007713936463,-0.015779075389661727,0.016252957317701742,0.01625273545189846
0.10000000000000001,-1.9826991266253527e-08,-7.1728192852155075e-08,0.41104995016322304,-3.5902263874791491e-09,-6.5435713625608158e-10,0.0047954250223780975,0.999988501883324,-3.902847936039015e-07,-0.82000136640989152,1.6099995332039621,0.99968918823410235,0.024930441789988659,-4.1825634184848974e-07,-0.81999872065417312,1.6100004651417945,0.99968920804513628,-0.024929647371916924,-3.830033685808932e-07,-0.82000132891952648,1.6099995462687982,0.99968919315631977,0.024930244412521337,-4.2365424939130452e-07,-0.81999869797933655,1.6100004757687196,0.99968920563675057,-0.024929743949017549,-1.3469191278626757e-07,-2.086999885075901e-07,-1.039686344356416e-07,-5.6335563317024962e-08,-2.3104407057267818e-08,0.12733941635740476,5.9953110708325814e-06,1.4529306166966233e-05,7.6920949134290722e-06,0.33086221292461981,-2.3504769382915532e-06,5.7652991135848493e-06,3.29034198982007e-06,-0.33097408521638794,5.6250054303739372e-07,2.8019311842721443e-06,1.4999004221353127e-06,0.33092828931430218,1.6302532742486462e-07,-3.2055353231616823e-07,4.4857579344665635e-07,-0.33094077423115004,9.6669912297449443,-0.45056277023017277,-9.6616049788502298,-9.0866929655962441,-1.0810343423612885,-10.085090779216905,10.065455622752948,-0.41764380536967249,-10.586188321148105,-10.686813566772843,-1.0555060530421454,-10.983843039711896,0.11458599978591098,-0.11562172371094455,0.11609349199877238,-0.11567871683246399,-1.0979995821646378,0.87127961475969895,77.662190148348955,1.0896784803302806,1.1911919978235244,77.468006511457006,-1.0921914387411604,-1.4666436253913866,83.809465591186409,1.1123166996767442,-1.1064118750538803,83.417093807080747,-0.01301231405402172,-0.0001248526083884419,0.34243859738433297,0.24242237349862042,0.23883607048053046,3.1709773695709487e-12,0.24695971228565922,-0.23414215560977381,4.2758852014657123e-12,-0.25435476454749606,0.2340713882812355,-4.1123354721506189e-12,-0.24981743053653704,-0.23890683296613605,-3.4516139946205726e-12,-0.03115764850019874,-0.031160983246362569,0.032102477270390381,0.032102206827146727
0.15000000000000002,-9.8145683471312213e-09,-6.6243750468290927e-08,0.41104995318400867,-1.3261827333492721e-09,-1.2084637513430995e-09,0.0094722987089355115,0.99995513677222969,-3.1828205243163004e-07,-0.82000124217541059,1.6099995866292336,0.99878784001795018,0.049222460648357454,-4.0981098013948896e-07,-0.8199987852904671,1.6100004395191612,0.99878785310062479,-0.049222195183116491,-3.3994434124241038e-07,-0.82000124527501317,1.6099995705712706,0.99878783743429156,0.049222513074120233,-4.0619578294213809e-07,-0.81999878425808526,1.6100004434194273,0.99878785369868839,-0.049222183047562588,2.0179471664897083e-07,1.0682256925171772e-07,6.041622200737779e-08,9.06156615847221e-08,-2.3179957877318825e-08,0.18707987848776619,1.4400642947595404e-06,2.4846898531018951e-06,1.0684968260266097e-06,0.48618667585795405,1.6888585138648574e-07,-1.2927254069218136e-06,-5.124721549301783e-07,-0.48619726540413744,8.6115578647605933e-07,1.6728897778890231e-06,4.8607204297122376e-07,0.48619167442238487,3.4917554713430639e-07,-1.7255750625113068e-06,-6.4698015412207112e-07,-0.48619507826258856,9.645769083487016,-0.47726036715581804,-9.6787503165797499,-9.1102269187437557,-1.0591202004194458,-10.069561535240831,10.091225491918731,-0.44091657604897899,-10.601633268655487,-10.664678150444399,-1.0295894563084882,-10.968602840591446,0.10559493386948812,-0.10685610378468326,0.10689945661115906,-0.10699830209143053,-1.0189220390844054,0.78257511054011708,77.652561600786299,0.99672661185902423,1.1206610962841335,77.473238417061054,-0.99235258052547504,-1.3765732977481664,83.796527170581925,1.0384275071873637,-0.99778566632689525,83.434289903016406,-0.01301056656491041,-0.00024655847923855533,0.34243859935659809,0.24017778414673197,0.24109318677027619,-2.4674706722294104e-14,0.24913902743368138,-0.23182188249283162,-1.8944568136447515e-13,-0.25653306912487789,0.23168194129873773,3.676642323924284e-13,-0.24757182144486528,-0.24123313762861776,-1.3897216710745397e-13,-0.04577839114173067,-0.045779040550556212,0.047162669913994329,0.047162312426563678
0.20000000000000001,-5.5174593892138677e-11,-5.8801628828721617e-08,0.41104995759010593,-6.2259794918810493e-10,-1.6036899890712048e-09,0.015527163168312434,0.9998794463353794,-2.4544161405043169e-07,-0.82000110633991652,1.6099996375383643,0.99674422841194243,0.080628426299326289,-3.9617788091078279e-07,-0.81999890337055514,1.6100003933726572,0.99674423314913996,-0.080628367737016399,-2.8274156007700477e-07,-0.82000112508541689,1.6099996065127451,0.99674421548601788,0.08062858609190808,-3.8900438759958829e-07,-0.8199989191208692,1.6100003955705877,0.99674423424816982,-0.080628354150580298,1.9884975441581492e-07,1.4391908311875928e-07,8.8122164434157271e-08,2.8321506458910674e-08,-1.6310924568421452e-08,0.24221387145732368,1.4568181391739658e-06,2.7167100557552454e-06,1.0181740437620707e-06,0.6294736839635926,2.7264121176764604e-07,-2.3616013610989167e-06,-9.2294902868663631e-07,-0.62947929984376005,1.1440320688391145e-06,2.4037913945970071e-06,7.1885093485132752e-07,0.62947584046643912,3.438345732968366e-07,-2.6972558391738256e-06,-9.5697070614210772e-07,-0.62947779502931689,9.6182489731145218,-0.51177483040134231,-9.7009164405249262,-9.1406359492343405,-1.0306868003011775,-10.049447978070422,10.124539161718623,-0.47109378000838092,-10.621626353821192,-10.635962294894712,-0.996083877325738,-10.948895558644114,0.093965702622818087,-0.095502025991367645,0.095006184616751435,-0.095752638823447034,-0.91429769148811391,0.67015307256935019,77.640090159225693,0.87846711693270152,1.0269827791217736,77.480163404458196,-0.8658595728275218,-1.2573313633929164,83.779708189080935,0.93982035366557015,-0.85931965600240034,83.456644591465206,-0.013006617451094535,-0.0004040981564966586,0.3424386026293687,0.23724049440764849,0.24398413653485221,-1.7764956172783286e-13,0.25192818001509587,-0.22878770792505229,-1.4934303793623371e-12,-0.25931996640464955,0.22855822114554433,1.6280171655225217e-12,-0.24463227440452973,-0.24421364027077411,5.5525029019065641e-14,-0.059269800697363394,-0.059270441871856233,0.061061932511969307,0.061061437960618054
0.25,9.6232082188834876e-09,-5.0236267069825892e-08,0.41104996263272903,-2.8570467299035291e-10,-1.9269512282144051e-09,0.022810402228226747,0.99973980892539582,-1.6368019817599317e-07,-0.82000094468072537,1.6099996960905834,0.99297774719201559,0.11830128309314916,-3.7512547396866073e-07,-0.81999905938893514,1.6100003329996779,0.9929777291125077,-0.11830143484576831,-2.0990734025330297e-07,-0.82000096998789962,1.6099996572228135,0.99297772214438462,0.11830149333359422,-3.6904450350279379e-07,-0.81999907853619847,1.6100003384592283,0.99297773136142842,-0.11830141596917317,1.9999448954707792e-07,1.6376469911597936e-07,1.0085243645016123e-07,1.37637870679957e-08,-1.3256195494694097e-08,0.29138374551853718,1.635237092061017e-06,3.2331839561779308e-06,1.1710363325828615e-06,0.75725868220636405,4.2103232826244054e-07,-3.1203673315094886e-06,-1.2074740232994147e-06,-0.75726291379436961,1.4566662547027535e-06,3.1019499052940204e-06,1.0142178620990376e-06,0.75725971046076013,3.9920415966377459e-07,-3.1883067680119817e-06,-1.1422212786342495e-06,-0.75726280620888464,9.5850070599501471,-0.55300639027242826,-9.7274835080347479,-9.1770834439075788,-0.9961934996231766,-10.025155830003081,10.164396694067152,-0.50755250464008772,-10.645661427046816,-10.601195987823903,-0.95593380516256221,-10.92517460699476,0.079989678931101857,-0.081829922783132975,0.080729994319271442,-0.082192988747290308,-0.78520472549270659,0.53849638542942413,77.625347963415692,0.73928440932624551,0.91067511194537731,77.488768453886777,-0.71808098213951566,-1.1100627268495518,83.759201735619044,0.81664263244018276,-0.69620707845620278,83.483281359092175,-0.012999340939390451,-0.00059353857553834767,0.34243860638488277,0.23366085834060829,0.24741450163726397,5.2456650134757865e-13,0.25523453068084784,-0.22509316977316696,-2.3008955851722135e-12,-0.26262217130237325,0.22475600026054524,2.397568255041449e-12,-0.24104848959120428,-0.24775169091044319,-6.1174676435626907e-13,-0.071301726279389022,-0.071302384047866707,0.07345765351618222,0.073457053714755638
0.30000000000000004,1.8749265355029843e-08,-4.0039376729516813e-08,0.411049967617242,-1.7673801700956292e-10,-2.111533033869697e-09,0.031141814503829756,0.99951497607059869,-7.7145278907312189e-08,-0.82000076069737415,1.609999762006018,0.986922983244366,0.16119250957798881,-3.475232417825769e-07,-0.819999238090931,1.6100002649872915,0.98692292595109998,-0.16119286036335381,-1.3118442692687983e-07,-0.82000079531307357,1.6099997155231536,0.98692293889375216,0.16119278112037944,-3.4355872588377911e-07,-0.81999925793417672,1.6100002739681478,0.986922927942539,-0.16119284817052515,1.9325772553005864e-07,1.9380080298832072e-07,9.969005397359507e-08,4.8276549718577815e-09,-7.5386085166471172e-09,0.33337878136323873,1.7307089183110887e-06,3.6796672059327879e-06,1.3182990498897835e-06,0.86639735222592018,5.5203648458109919e-07,-3.5740398100229226e-06,-1.3602551911685444e-06,-0.86640140437755142,1.5744481003423823e-06,3.4934962641737812e-06,1.1660160328525629e-06,0.86639862048917116,5.097240785747134e-07,-3.5879597854569344e-06,-1.2898138401923677e-06,-0.86640153749157367,9.5467433577994516,-0.59969285264017524,-9.7577154675914972,-9.218555539387097,-0.95624475225401018,-9.9971992800420217,10.209630739312082,-0.54952994750668305,-10.673136772055194,-10.561049405509065,-0.91026332784042363,-10.898011714214975,0.064021742028094811,-0.066165503766565367,0.064448110346144186,-0.066627363264246231,-0.63333107553623358,0.3927609465534127,77.608930699472268,0.58423255140657937,0.77282214624120948,77.499055446299323,-0.55510823875647564,-0.93658140885256713,83.735297272608136,0.66960796508603715,-0.51440754161919866,83.513311607055101,-0.012987633356958005,-0.00081012435311883242,0.34243861010333276,0.2295045255052626,0.25127480898045323,1.7557205689300304e-12,0.25895090952942096,-0.22080761163396614,-2.5937446634927142e-12,-0.26633188711332623,0.22034732967154358,2.6556257193277588e-12,-0.23688548905524118,-0.2517351124742907,-1.8147428004766653e-12,-0.081578006736301875,-0.081578635827352614,0.084044517320961604,0.084043927940040827
0.35000000000000003,2.6386586034520765e-08,-2.8268036668544941e-08,0.41104997208194899,-7.6587066616972451e-11,-2.3624276062600124e-09,0.040315044709809497,0.9991870181152509,1.1961202790108547e-08,-0.82000055812794226,1.6099998344806423,0.97811238638663744,0.20807729236282077,-3.1196500523953805e-07,-0.8199994353971144,1.6100001909241783,0.97811224266002994,-0.20807796797971559,-4.9484886657885308e-08,-0.82000060747056791,1.609999781139374,0.97811228016246898,0.20807779169189791,-3.0992690532901329e-07,-0.81999945585715084,1.6100002036624623,0.97811224367124738,-0.20807796322628602,1.6917214859632822e-07,2.2392243446400459e-07,8.9293904987349885e-08,4.4211198155952518e-09,-1.0201746922849364e-08,0.36716492299650222,1.7821460458774108e-06,4.0513889894263825e-06,1.4494775263655077e-06,0.95420239571475918,7.111651944103104e-07,-3.946123710203437e-06,-1.481261847090707e-06,-0.95420610110590454,1.6339894707040564e-06,3.7568500887751205e-06,1.3123256128021307e-06,0.95420410231124331,6.7265101180437488e-07,-3.9584597991693878e-06,-1.4061004072857648e-06,-0.9542062509976641,9.5042821984653667,-0.65043808173522233,-9.7907841165088172,-9.2639128108795692,-0.91157783191870445,-9.9661834295011751,10.258941180331705,-0.59612846497668426,-10.703364851319419,-10.51632489650842,-0.86033277677012221,-10.86806513040807,0.046466151364953731,-0.048883715819174257,0.046587723442641761,-0.049413046375096394,-0.46109863520054989,0.2384319127069342,77.591463273941571,0.41875554231680706,0.61520508698630216,77.510993112959824,-0.38339061438547722,-0.73955328329168712,83.708360003812587,0.50021077513732259,-0.32036307812579334,83.54577448100784,-0.012970566102430707,-0.0010483965823260568,0.34243861344332494,0.22485322663480573,0.25544551403941435,3.8809233604553128e-12,0.26296062622852578,-0.21601679405178448,-3.9464542744838127e-12,-0.2703318968394785,0.21542107305256331,3.9782899197149391e-12,-0.23222447691973522,-0.25604125795188909,-3.9137582064086018e-12,-0.089845581567960409,-0.089846135526653964,0.092561903327446321,0.092561384880410366
0.40000000000000002,3.165428999774674e-08,-1.5337042025685643e-08,0.41104997559456857,1.0560968946465602e-10,-2.6322358067711573e-09,0.050102743736297604,0.9987440688535254,1.0001340106716223e-07,-0.82000034175759162,1.6099999121181823,0.96625245398330539,0.25759696265920029,-2.6690857404524338e-07,-0.81999964645421863,1.6100001125090624,0.96625223674624949,-0.2575977775192767,3.1551551643204682e-08,-0.82000041225152398,1.6099998523572909,0.966252293553158,0.257597564435813,-2.6674180674465383e-07,-0.8199996677886815,1.6100001291031381,0.96625223631890678,-0.25759777912225745,1.2828674957554629e-07,2.4805188600307654e-07,7.0252203623504785e-08,7.6530292333106147e-09,-1.1102987182736383e-08,0.39191024322517254,1.7610733624139114e-06,4.3274077201796238e-06,1.5527240879991078e-06,1.0185118906286512,9.0114222103306752e-07,-4.2211423453867831e-06,-1.5682899076642403e-06,-1.0185149423218112,1.6207406757878868e-06,3.9043812150975117e-06,1.4243475138530703e-06,1.0185141364617503,8.6372966270819071e-07,-4.2386311565724531e-06,-1.4911612657155849e-06,-1.0185150726971306,9.45856308552362,-0.70377001235674941,-9.8257999246957048,-9.3119322088449135,-0.86306987220173581,-9.932796836873159,10.310945981651123,-0.64632279750176069,-10.735591082174844,-10.46795589467979,-0.80749361656413976,-10.836062094118679,0.02776513907535192,-0.030400091908328084,0.027612217246738867,-0.030950256648131592,-0.27174182128091928,0.080994788611239057,77.573577168391495,0.24839848414487004,0.4404149735464728,77.524490380236927,-0.20933873809772457,-0.52261275548372355,83.678850538843164,0.31091076133058221,-0.12066510411627604,83.579669431624282,-0.012947528447981896,-0.0013023351383476111,0.34243861608881121,0.21980487591935319,0.25980229057424642,6.8973576849984397e-12,0.26714276338670279,-0.21082281562245458,-6.9635824884173303e-12,-0.27450093718999968,0.2100827505586744,6.971381805165322e-12,-0.22716302127774657,-0.2605423793701816,-6.9019928661262497e-12,-0.095900877521119449,-0.09590130110535014,0.098800088856753746,0.098799694792313403
0.45000000000000001,3.3802786463624185e-08,-1.8470573739029362e-09,0.41104997783808062,2.2496059675094292e-10,-2.1904197928056627e-09,0.060262331195821459,0.99818257420115553,1.8184215700436355e-07,-0.82000011380916904,1.609999993951287,0.95128423398212381,0.3083152707490277,-2.11110522191249e-07,-0.81999986300590721,1.6100000327544557,0.95128393605307393,-0.30831618998581833,1.0859720639512169e-07,-0.82000021120696076,1.6099999254165958,0.95128403526203675,0.30831588388466236,-2.1433659936612361e-07,-0.81999988325980977,1.6100000502559118,0.95128392850751131,-0.30831621326703201,7.2442056898201439e-08,2.6342728714724548e-07,4.4870016199894947e-08,6.4766578552292241e-09,1.744205741788966e-08,0.40700542866705863,1.6366275790782708e-06,4.5589697577070974e-06,1.6366144939931945e-06,1.057742176595851,1.1159978403636306e-06,-4.3310344614305613e-06,-1.595058567031153e-06,-1.0577446364236065,1.5409482436681552e-06,4.0208921976022814e-06,1.4611541760738969e-06,1.057745047157316,1.0481549099490775e-06,-4.3094235395175174e-06,-1.5768983152496617e-06,-1.0577447705007448,9.4106277183307139,-0.75819913059553457,-9.8618411878758767,-9.3613468773201465,-0.81173831866171042,-9.8978018127356986,10.364231274994427,-0.6989740772123193,-10.769013884819397,-10.417000380427686,-0.75314372518392869,-10.80278237872043,0.0083870704973835388,-0.011161719533167204,0.0080075713271351764,-0.011674788480535143,-0.069323569347452138,-0.074371190690076569,77.555873140221792,0.078522157950473126,0.25191479730980709,77.539376156973773,-0.038943783475484106,-0.29039023267073494,83.647334869979971,0.10524175709910955,0.078294236037393133,83.614001195266269,-0.012918344319980308,-0.0015655239213497759,0.34243861778475138,0.2144727651723328,0.26422126729964762,8.5611240319138915e-12,0.2713773832591645,-0.20534312777166364,-8.4361684304923301e-12,-0.27871897025486453,0.20445345974306678,8.4193346738814512e-12,-0.22181431355782116,-0.26511095784251676,-8.5393775384190462e-12,-0.099594798086436315,-0.099595031250067995,0.10260547784443177,0.10260524091508981
0.5,3.2325560724336466e-08,1.1501703664081193e-08,0.41104997864172305,7.6722513683159128e-11,-4.3177109826031508e-11,0.070542197972430415,0.99750879610418408,2.5189573697014666e-07,-0.81999987496509352,1.6100000785599649,0.93341952085920976,0.35878684212072692,-1.4375440158167709e-07,-0.82000007439872902,1.609999955091036,0.93341908154747799,-0.35878798503165582,1.7973238994262323e-07,-0.82000000399881023,1.6099999963030291,0.93341922622432705,0.35878760864162923,-1.537547064682453e-07,-0.82000008797272406,1.6099999660711872,0.93341912179349162,-0.35878788032801229,5.5567345017094129e-09,2.6855372109907237e-07,1.6072543414230952e-08,-2.4608584020951948e-10,8.6175208594474433e-08,0.41207878180186824,1.4011526766398371e-06,4.7768835241651967e-06,1.6921000113375104e-06,1.0709271687371122,1.347187348930219e-06,-4.2278576728101629e-06,-1.5532091992009429e-06,-1.0709293949807213,1.4227669036076357e-06,4.1441646386301306e-06,1.4176712505963553e-06,1.0709307019769567,1.211717156460068e-06,-4.094259823426584e-06,-1.6836223408949972e-06,-1.0709295982865097,9.3616028382914145,-0.8122725351318234,-9.8979824785519916,-9.410885658736623,-0.75873347837708283,-9.8620216567119829,10.417399223581585,-0.75284850373175216,-10.802805295424967,-10.364627898230678,-0.69868369776449735,-10.769040106585232,-0.01118588842471737,0.0083629510406990296,-0.011731491384254498,0.0079509072710114825,0.14132293516964997,-0.22306243805067569,77.538889827314165,-0.085960639384777854,0.054024157608932317,77.555387844110342,0.12255774302689633,-0.048444978566058394,83.614486004874607,-0.11218000618397629,0.27064918976392871,83.647820925266501,-0.012883349556591704,-0.0018313326925784694,0.34243861836710121,0.20898371196487903,0.26858385389820416,4.8820530951232399e-12,0.27555028798584347,-0.19970851914591795,-3.1712688031149128e-12,-0.28287198778450123,0.19866775674856849,3.1156188740055768e-12,-0.21630536088151042,-0.26962463327067776,-4.8460818691253849e-12,-0.10083638677756043,-0.10083637574933046,0.10388438109852929,0.10388431178854708
0.55000000000000004,2.730692109514276e-08,2.4070246608090391e-08,0.41104997791299874,3.1131255442521384e-10,3.2827487344914683e-09,0.080688157611146602,0.99673939483764695,3.1156297317333661e-07,-0.81999963267735254,1.6100001639791308,0.91314805663201692,0.40762804941413372,-6.3655610194664701e-08,-0.82000027645921469,1.6099998791012695,0.91314752095339269,-0.40762924941260054,2.4305593908674226e-07,-0.81999979608829743,1.6100000632860065,0.913147640215215,0.40762898224903799,-8.3439526896518954e-08,-0.82000027964839195,1.6099998794820316,0.91314756087602333,-0.40762915998020721,-6.1318312172584697e-08,2.6363838752808086e-07,-1.4574385779160148e-08,1.8279411671341648e-08,1.3214279631354862e-07,0.40700539271026415,1.1934421201157807e-06,4.8457572178177065e-06,1.708294967471047e-06,1.0577424426245914,1.6020513466466459e-06,-4.0412111614171219e-06,-1.5197265102134498e-06,-1.0577442366097958,1.2665446153711106e-06,4.1582121353396813e-06,1.3395926886783845e-06,1.0577464498817153,1.4063990847248068e-06,-3.8335152376891976e-06,-1.73169624100695e-06,-1.0577445212810854,9.3126768736273515,-0.86462045791926356,-9.9333210005224029,-9.4593099160972951,-0.70532089347852422,-9.8263239197363497,10.469111382817912,-0.80664092938667664,-10.836131561191712,-10.312099329249818,-0.64547594562350519,-10.735664206245161,-0.030470119400051381,0.027695095554967908,-0.031114887473868154,0.027447826547579261,0.35472566187536514,-0.36126002844444643,77.52308031694001,-0.24080256948459428,-0.14817692691557663,77.572167485485181,0.27094003241294523,0.1968940755844299,83.581077439493654,-0.33575316160732321,0.45133544788649238,83.680260064376924,-0.012843420274227354,-0.0020931068337974122,0.34243861777777107,0.20347514313707332,0.27278082520105867,-5.4248272540746711e-12,0.27955700241529619,-0.19406006186355296,3.9813707886082739e-12,-0.28685601244213066,0.19287049613028584,-4.0461661798829596e-12,-0.21077408860792096,-0.27397039944651824,5.5093846151876846e-12,-0.099595033678466838,-0.099594781577722682,0.1026052993390294,0.10260542244610532
0.60000000000000009,1.9571152449119834e-08,3.5276347379610679e-08,0.4110499756404804,7.4322858456302853e-11,5.3663483839342129e-09,0.090449936836282219,0.9959010035773197,3.5994965868304141e-07,-0.81999940608856703,1.6100002445731358,0.89121446228384527,0.45358216699526327,1.8125972100319079e-08,-0.82000047839484835,1.6099998059352219,0.89121386985679774,-0.45358333101523157,2.9405774492581828e-07,-0.81999959553037327,1.6100001323813395,0.89121393260905912,0.45358320771771921,-7.8762042780956596e-09,-0.82000047557252442,1.6099997995656541,0.89121391181202914,-0.45358324858034799,-1.1423470773750155e-07,2.4722610363532529e-07,-4.5450666056680401e-08,-4.3911915028147725e-09,8.4121808748344591e-08,0.39191019681401057,9.6781298970053592e-07,4.5317776599590479e-06,1.6118081882784812e-06,1.0185134113095333,1.6356938955034652e-06,-4.0387138689425095e-06,-1.4632642337599472e-06,-1.0185132507470041,1.0200962605661989e-06,4.0111600202621644e-06,1.3818520595279922e-06,1.0185163352773783,1.5113435489448225e-06,-3.9184841596231347e-06,-1.5982574153467988e-06,-1.0185133595729032,9.2650731988460606,-0.91399241719475877,-9.9669995545056302,-9.5054445679483948,-0.65285345262520422,-9.7916002410083465,10.518124104188809,-0.85900610255023691,-10.868174274227192,-10.260738319827881,-0.59480761263905502,-10.70347763153242,-0.048992753044075632,0.046356967139000636,-0.049669441105922488,0.046331663512425222,0.56496830182939606,-0.48605756323577604,77.50879752120521,-0.38257129354005925,-0.34901959598595822,77.589266968234739,0.40314069187746759,0.438766502213293,83.547967789956971,-0.55908889195864786,0.6162842162345431,83.710555215271057,-0.012799948145002621,-0.0023443551332218713,0.34243861607071646,0.19809121384185252,0.27671540541675493,-8.4888485130107938e-12,0.28330572172869301,-0.18854512694369546,8.6745194360915434e-12,-0.29058003071569982,0.18721274122424211,-8.7835155815341182e-12,-0.2053654487481861,-0.27804779320325912,8.5956242124041182e-12,-0.095901294342104648,-0.095900887284515096,0.098799740053358287,0.098800050597857084
0.65000000000000002,9.7894523329765306e-09,4.472976638410576e-08,0.41104997205580268,6.6283237706624238e-11,5.9940331151683149e-09,0.099587494607673036,0.99502880908934821,3.9853808963224061e-07,-0.81999920107621305,1.6100003174270225,0.86856801939186656,0.4955699705285761,1.0067268501279545e-07,-0.82000067501556062,1.6099997363112064,0.86856742182674163,-0.49557101785844049,3.3487627907039489e-07,-0.81999940643099656,1.6100002032247347,0.86856740218348061,0.49557105228639053,7.2165622125527852e-08,-0.82000067102720264,1.609999728651291,0.86856746800837625,-0.49557093691773368,-1.5633446208168101e-07,2.2266873253762621e-07,-7.1693798568594664e-08,-2.4026182896423364e-10,2.5300490660546096e-08,0.36716487161391137,7.7181953194337022e-07,4.100248310982423e-06,1.4570315229861041e-06,0.95420517117539494,1.6509675875061261e-06,-3.9324148888952745e-06,-1.3924499506032854e-06,-0.95420316531105787,8.1640153465861045e-07,3.7819883399430853e-06,1.4168399084374672e-06,0.95420672502025106,1.6008849091929948e-06,-3.9090945227738686e-06,-1.4182432441742444e-06,-0.95420315148234691,9.2200179834781384,-0.9592867684914379,-9.9982274340802366,-9.5482075867804923,-0.60273623944502086,-9.7587437830061745,10.563316132994284,-0.90859244421009444,-10.898149742909498,-10.211895696855736,-0.54786445083342872,-10.673278219722736,-0.066302873392447115,0.063884111628381701,-0.066950422740194387,0.064125468278406358,0.76593115555851443,-0.59549785318298509,77.496289558409643,-0.50871881290044219,-0.54247808392353181,77.606162747820591,0.5172977044196817,0.67007142253162977,83.516075197623849,-0.77528886597716029,0.7625173374465738,83.738063283651499,-0.012754763920164431,-0.0025789257113114483,0.34243861341222476,0.19297817375747314,0.28030518784824032,-7.4543565764528807e-12,0.28671907521504547,-0.18331268794354802,8.255618411112664e-12,-0.29396771117575643,0.18184696189315361,-8.4030143954194614e-12,-0.20022673093719806,-0.28177091179766933,7.6016415384572156e-12,-0.089846129258598167,-0.089845598911297272,0.092561424642849596,0.092561889987428883
0.70000000000000007,-1.3233100613557543e-09,5.2185682676186547e-08,0.41104996754782841,1.1652006598753423e-10,5.838173619880328e-09,0.10787697576395945,0.99416425106720785,4.2686239594924886e-07,-0.81999901741619385,1.6100003820976456,0.84629176181867383,0.53271967663851849,1.8125986731907301e-07,-0.82000085805138323,1.6099996726641672,0.8462912015537114,-0.53272056668836976,3.662135926581194e-07,-0.81999922804465686,1.6100002721653033,0.84629109018116355,0.53272074361712052,1.5208219960186842e-07,-0.82000085521898225,1.6099996667977061,0.84629125237356373,-0.53272048595486388,-1.8670287903754035e-07,1.9177441151843953e-07,-9.0159721599262259e-08,-6.883421574138246e-10,-6.1151974390092973e-09,0.33337872879877339,5.6651212062607468e-07,3.673200970971929e-06,1.293388830608199e-06,0.86640077889840339,1.611749455102861e-06,-3.6607165722741044e-06,-1.2729355090478358e-06,-0.86639769676778511,6.2674910366319821e-07,3.5677268945259233e-06,1.3788088173365077e-06,0.86640108528909132,1.5983545273051598e-06,-3.683836069151201e-06,-1.237050787333709e-06,-0.86639765260587664,9.1787047343877504,-0.99956579011087676,-10.026295516609549,-9.5866296263113835,-0.55638013030418543,-9.7286234973609549,10.603708406296754,-0.95408192783874823,-10.925327878452244,-10.166907861242397,-0.50570584050347067,-10.645818011380024,-0.081981906026749152,0.079837010419651439,-0.082551012181484154,0.080372326740128078,0.951552525645743,-0.68851711436062124,77.485703389656067,-0.61756349641054498,-0.72244036892846608,77.622279286948554,0.61266544157921443,0.88378594432756064,83.486345408631763,-0.97727798659762255,0.88813263129267794,83.762268161811775,-0.012710015728948145,-0.0027911616784060162,0.34243861005284526,0.18827924593695294,0.2834828492253465,-5.0251053318461913e-12,0.28973466364918182,-0.17850817735266794,6.9316496986715492e-12,-0.29695787350073832,0.17692180597404217,-7.1304073756550679e-12,-0.19550237653610836,-0.28506921562248494,5.2165216590793761e-12,-0.08157864109167641,-0.08157802189871674,0.084043960777337168,0.084044525419175606
0.75,-1.2709699721970266e-08,5.7805893727707846e-08,0.41104996256762671,3.8733065210985603e-10,5.1323340818427568e-09,0.11511613079172442,0.99335204053323545,4.3763574269298741e-07,-0.81999887486003453,1.6100004272617401,0.8255195384105114,0.56437353915868249,2.5643655612089716e-07,-0.82000102202081626,1.6099996171656763,0.82551910221934499,-0.56437417718298133,3.9016284954141547e-07,-0.81999906360357855,1.6100003372040648,0.82551890723897858,0.56437446238376421,2.2832735542607456e-07,-0.82000102217966497,1.6099996148918616,0.82551915882112459,-0.56437409439064679,-1.9715698180592573e-07,1.6007765764548965e-07,-9.9604118541953201e-08,6.070279363417425e-09,-2.8936760808028528e-08,0.29138369515805285,2.1547612614704484e-07,2.8511233437467631e-06,9.0327348282852342e-07,0.7572644300686654,1.5035164773588335e-06,-3.2793883289674822e-06,-1.1099855992585525e-06,-0.75725885347367938,4.7896419454466338e-07,3.2888210873678555e-06,1.3007942837191628e-06,0.75726158181140468,1.5249086562707582e-06,-3.3392137980399546e-06,-1.038111841629634e-06,-0.75725875558567302,9.142257823009114,-1.0340553464484163,-10.050586439378081,-9.6198734388067599,-0.51514851225465641,-9.7020558626475726,10.638474996755896,-0.9942353301867265,-10.949050441797542,-10.127049452409715,-0.46924724638895032,-10.621782957363388,-0.095655961166504266,0.093813023290475986,-0.096111336597688501,0.094648750686689737,1.1161096320994737,-0.76481773641723949,77.477092462265276,-0.70819475616900129,-0.88300705944935076,77.637017783167465,0.68943668713936046,1.0732842451879794,83.459705729074116,-1.1581645620898868,0.9921896993256839,83.782775658621475,-0.012668013566243117,-0.0029760304145122333,0.34243860640789342,0.18412933441793194,0.28619575468547237,-2.5956459204223847e-12,0.2923044824019862,-0.17426821922605348,5.1921245081132383e-12,-0.29950382449487184,0.17257675867887079,-5.457301277544957e-12,-0.19132860791635203,-0.28788720678680663,2.8387292516640628e-12,-0.071302464452367473,-0.071301748175680441,0.073457077023323131,0.073457679939557527
0.80000000000000004,-2.4916635042785729e-08,6.2316071349856126e-08,0.41104995751464979,1.7056946782866979e-09,3.7394977344120728e-09,0.12112907376145324,0.99263676513097798,4.9785320993480242e-07,-0.81999866358224882,1.6100005234238113,0.8073508691602187,0.59007166858462146,3.2229638849036743e-07,-0.82000116118239375,1.6099995733059147,0.80735025017014972,-0.59007251550143969,4.1089885453829344e-07,-0.81999891880793041,1.6100003984880884,0.80734998592565532,0.59007287704642408,2.9987731394031701e-07,-0.8200011705498832,1.6099995747390297,0.80735035010342537,-0.59007237877050034,-2.1616471967366464e-07,1.4496158948044444e-07,-1.0105918192259492e-07,4.4857191522324753e-08,-6.1070996610439403e-08,0.24221383642898328,1.2043498580953313e-06,4.2255556725471816e-06,1.9232408844349943e-06,0.62946839975137936,1.3171620385019822e-06,-2.783230841667173e-06,-8.7722676570898039e-07,-0.62947392237648425,4.1468096081881139e-07,2.8959120797563885e-06,1.2257160770812664e-06,0.62947596910185322,1.4309952199625823e-06,-2.9674042995788998e-06,-8.0306020039926299e-07,-0.62947331541451923,9.1116836506449115,-1.0621835568721647,-10.070593393865204,-9.6472201016633647,-0.48030992793051797,-9.6797811380051328,10.666946290006019,-1.0279123893481601,-10.968743084379035,-10.093497921886843,-0.43925818904966202,-10.601783448741788,-0.10698692657335128,0.10545417710244494,-0.10732041763348889,0.10657457537787984,1.2543715712913133,-0.82462547151583998,77.47046386505356,-0.78029699861511781,-1.0187139663403542,77.649775948942562,0.7484341571867571,1.232580759707095,83.437089192960414,-1.31155716154542,1.0744897550075603,83.799319107281519,-0.012631052915315953,-0.0031292246220778371,0.34243860212620664,0.18064995690864064,0.28840464779161679,-1.671676685965906e-12,0.2943934529478735,-0.17071554679656598,3.8059833062931148e-13,-0.30157179221033431,0.16893700370942052,-6.966371923766701e-13,-0.18782820150614668,-0.29018319305983864,2.0005941347989165e-12,-0.059270103974410931,-0.059269847789420876,0.061061448252317865,0.061062030653149496
0.85000000000000009,-2.7942211659401141e-08,6.6363318392144119e-08,0.41104995353822898,3.8071230297836654e-09,1.8107376523899427e-09,0.12577029047423355,0.99205939037641633,2.7482630341615948e-07,-0.81999903110321581,1.6100002824136457,0.79276768674865739,0.60952390834747638,3.5971938537159996e-07,-0.82000124119485074,1.6099995551445128,0.79276861609913141,-0.6095226996004891,4.262799544017802e-07,-0.81999880843908457,1.6100004459106425,0.79276848548480283,0.60952286948246048,3.6042024436200111e-07,-0.82000129817169065,1.609999544378824,0.79276886194075868,-0.60952237984930002,-3.8833558967361065e-08,9.3305422438598871e-08,-7.9528320242010196e-08,7.3570497137759062e-08,-8.6271460979146337e-08,0.18707985057036647,-4.4605431903850147e-06,-7.3504194531070973e-06,-4.8201987482028764e-06,0.48624575207781701,7.4842407589549741e-07,-1.6002483508049797e-06,-3.6326069586414038e-07,-0.48619453562631526,3.0758055201848956e-07,2.2073760452236574e-06,9.4848882790119004e-07,0.48618986507924272,1.2108479819121668e-06,-2.5524358766931919e-06,-6.0721372275127344e-07,-0.48618985608386284,9.0878686848992238,-1.0833865685171586,-10.085884325149999,-9.6681858537122203,-0.45295920219173735,-9.6624056199911514,10.688609484362589,-1.0542209140296104,-10.983965196516525,-10.067236951744942,-0.41633137438415646,-10.586295801522841,-0.11576562580588401,0.11446489677447391,-0.11595027959127996,0.11583220959297004,1.3623195934685861,-0.86872396620604098,77.465687262967833,-0.83394663882714848,-1.1251269389308993,77.659887327828301,0.79108056768697288,1.3567197526943946,83.419174135710989,-1.4319714952169429,1.1353603397149201,83.811577697776457,-0.012601240335440767,-0.0032472326553758344,0.34243860150504729,0.17794419546154991,0.29008185764205385,-1.6646545253351519e-12,0.29597739907914555,-0.16795437870550456,-5.4840715302262311e-12,-0.30313877301646019,0.16610876410945677,5.1600113071259557e-12,-0.18510568896414817,-0.29192744302798013,2.1174034747772907e-12,-0.04578078020538498,-0.04577862970517714,0.047162311052287215,0.047162821787325795
0.90000000000000002,-4.0223340992353577e-08,5.298342506859859e-08,0.41104993995324429,2.7673715969931656e-09,-5.7534625575137473e-11,0.12892785493013614,0.99165397605370076,9.508177575247744e-07,-0.81999752090742439,1.6100011513562409,0.78257908188564973,0.62255118712842683,3.1730665747346068e-07,-0.82000108496302471,1.6099996858647054,0.78257415633940552,-0.62255737874485717,5.2135396194687586e-07,-0.81999842830254677,1.6100006593311289,0.78257582937588732,0.62255527567971214,3.867364619454521e-07,-0.820001290289472,1.6099996071823519,0.78257490950770159,-0.62255643198750499,-3.0525668797449539e-07,-1.9686685367027134e-07,-2.7170217325312836e-07,-5.0726816488976579e-08,-6.8378765142836702e-08,0.12733943694165142,1.3519818503436023e-05,3.0203915711166516e-05,1.7378861576241993e-05,0.3307711571732963,-8.4827208070064579e-07,3.124637020351986e-06,2.6143878875496241e-06,-0.33095988819428224,1.9014559659493886e-06,7.6027303984809839e-06,4.2684318867881611e-06,0.33090185509164394,5.2630669020684234e-07,1.5764492825649562e-07,1.2560545915912284e-06,-0.33094375892315553,9.0715770864623604,-1.0975984193162387,-10.09618978570114,-9.6820680013949225,-0.43408562080766006,-9.6505388375182104,10.70296664873565,-1.0721528453307816,-10.994245209139322,-10.049284324226285,-0.40097617111011735,-10.575804944647937,-0.12157421640379877,0.12057100370936583,-0.12169003925199103,0.12212205601654023,1.4350390957086174,-0.89715178966750275,77.463160559869266,-0.86932505763954326,-1.1975320115731749,77.667111130767196,0.8177321968305008,1.4409917661755434,83.407187823063168,-1.5145058463844292,1.1749689483091144,83.819627233286113,-0.012580283666739349,-0.0033274123727032208,0.34243858007068928,0.17609427025313093,0.29120881713904379,1.2412848526821563e-12,0.29704080219202361,-0.16606648872498991,-4.3271636274155867e-12,-0.30419009331577879,0.16417532169195867,4.0297765124819307e-12,-0.18324325236576128,-0.29310010140245379,-1.1753653605950376e-12,-0.031154941738348239,-0.031160319695520428,0.032102854504771974,0.032102451749347359
0.95000000000000007,9.4496813931320363e-14,1.5965347026718164e-13,0.411049948178007,2.2520963569878719e-12,-2.5251156772407127e-13,0.13052619222005132,0.99144486137381049,-4.3283220934442304e-13,-0.8199999999999491,1.610000000000448,0.77732718622247821,0.62909653119330156,-2.829662977305908e-13,-0.81999999999993312,1.6099999999997419,0.77732697495734215,-0.6290967922376236,-1.0469110486445325e-12,-0.8199999999999521,1.6100000000010211,0.77732713753949267,0.62909659134719409,-1.3452123598031174e-12,-0.81999999999989925,1.609999999998788,0.77732705772362454,-0.62909668996962054,5.0478199283352671e-07,-1.2309570585157054e-06,1.6449741704787184e-07,-1.093120303357207e-07,1.6696290151040019e-08,0.064478357352820426,-1.9016370153604974e-05,-4.9581850324411563e-05,-2.302710985516345e-05,0.16783843455246175,-6.3461418088948608e-06,2.1699262198672008e-05,6.2826979880948523e-06,-0.16768691432945157,-1.0427110827221983e-05,-3.1433947956374261e-05,-1.3186592122289175e-05,0.16773549289303402,-7.7347697901408386e-06,2.5805792131601796e-05,7.8563164200822311e-06,-0.16770847902217192,9.0629578832149509,-1.1043931580637716,-10.101277487717523,-9.6893263696996836,-0.4240101480623068,-9.6443426702603965,10.710315246567184,-1.0816101283252046,-10.999445978528295,-10.039546237735658,-0.3932339466027559,-10.570392284172035,-0.12472264815576999,0.12380290457036536,-0.12473498554645653,0.12547489278143467,1.4735820458323603,-0.9118059076047107,77.461270081037668,-0.88781297743820164,-1.2357144923729078,77.67171585443424,0.83144516266573321,1.4855217469945479,83.399512789405307,-1.5582594305632622,1.1955029946442672,83.823896264624082,-0.012569487582171876,-0.0033679840464235456,0.34243859566809787,0.17515359721795176,0.29177508159512022,5.5327964432194676e-13,0.29757500555136107,-0.16510783423969111,-1.7539025787272067e-12,-0.30471835328243646,0.1631937799884389,2.0131118994015651e-13,-0.18229694494928256,-0.29368913584626194,-2.6160740240754876e-12,-0.015784060221970476,-0.015779175216082242,0.016252099299393401,0.016253137331361311
1,4.6137762052511812e-14,7.7805591136176543e-14,0.41104994817845431,1.1200636201686065e-12,-1.2476056540818951e-13,0.13052619222005146,0.99144486137381038,-2.1584308411695447e-13,-0.81999999999997464,1.6100000000002233,0.77732718622247832,0.62909653119330156,-1.4124202259082341e-13,-0.81999999999996676,1.6099999999998711,0.77732696921725319,-0.62909679933021401,-5.2226236452401977e-13,-0.81999999999997619,1.6100000000005092,0.77732713753949279,0.62909659134719409,-6.7089825208744349e-13,-0.81999999999994988,1.6099999999993955,0.77732705772362465,-0.62909668996962054,-2.8210399126768052e-14,-2.9673453924902118e-14,1.2998921694703294e-14,-1.0410649703818819e-13,5.9606729241462106e-14,-4.0028359923527707e-17,1.1460416232978135e-14,-3.1236559896636864e-15,-1.2710647254760143e-14,-7.8853501089113544e-17,4.8225263755054616e-15,-3.3087457749838946e-15,4.2951318184246476e-15,-7.9196116175953072e-17,2.3863197246432906e-14,-3.9283211489747819e-15,-2.544488222883986e-14,-7.9960188539841033e-17,3.4158560947169938e-14,-5.0326492430105184e-15,2.963190309784512e-14,-7.9956304542316113e-17,,,,,,,,,,,,,,,,,,,,,,,,,,,,,-0.012569487582213478,-0.0033679840466835022,0.34243859566855356,0.17515359721795073,0.29177508159402349,2.731981307846354e-13,0.29757500555140171,-0.16510783424074665,-8.7463369879969832e-13,-0.30471835328244801,0.1631937799872164,9.9337205128335881e-14,-0.18229694494912435,-0.29368913584749878,-1.3030687640025462e-12,7.6894782055179708e-14,7.4335543964746434e-14,8.1656787543022988e-14,8.5626164484526351e-14
